path	format	reader	declared_records
Data/Image/ACOusters.ispk	index	indexed	1696
Data/Image/ACOustersShadow.sspk	shadow	indexed	1664
Data/Image/ACSlayerMan.ispk	index	indexed	8589
Data/Image/ACSlayerManShadow.sspk	shadow	indexed	8566
Data/Image/ACSlayerWoman.ispk	index	indexed	8705
Data/Image/ACSlayerWomanShadow.sspk	shadow	indexed	8620
Data/Image/ACVampireMan.ispk	index	indexed	1664
Data/Image/ACVampireManShadow.sspk	shadow	indexed	1664
Data/Image/ACVampireWoman.ispk	index	indexed	1674
Data/Image/ACVampireWomanShadow.sspk	shadow	indexed	1672
Data/Image/Addon.ispk	index	indexed	41034
Data/Image/Addon.sspk	shadow	indexed	35313
Data/Image/Creature.ispk	index	indexed	64098
Data/Image/Creature.sspk	shadow	indexed	63810
Data/Image/Effect.aspk	alpha_palette	indexed	19641
Data/Image/Effect.spk	pixels	indexed	339
Data/Image/Effect.sspk	shadow	eager	3
Data/Image/EffectScreen.spk	palette	indexed	6799
Data/Image/ImageObject.spk	pixels	indexed	7278
Data/Image/ImageObject.sspk	shadow	indexed	7278
Data/Image/ItemBroken.spk	pixels	indexed	97
Data/Image/ItemDrop.ispk	index	indexed	5304
Data/Image/ItemTile.ispk	index	indexed	1326
Data/Image/Ousters.ispk	index	indexed	4456
Data/Image/Ousters.sspk	shadow	indexed	4456
Data/Image/Tile.spk	pixels	indexed	25769
DATA/UI/SPK/ArrowTile.spk	pixels	indexed	76
Data/Ui/spk/AssembleMessageBox.spk	pixels	indexed	8
Data/Ui/spk/AssembleMessageBoxButtonOusters.spk	pixels	indexed	55
Data/Ui/spk/AssembleMessageBoxButtonSlayer.spk	pixels	indexed	55
Data/Ui/spk/AssembleMessageBoxButtonVampire.spk	pixels	indexed	55
Data/Ui/spk/AssembleMessageBoxOusters.spk	pixels	indexed	12
Data/Ui/spk/AssembleMessageBoxSlayer.spk	pixels	indexed	10
Data/Ui/spk/AssembleMessageBoxVampire.spk	pixels	indexed	10
Data/Ui/spk/BulletinBoard.spk	pixels	indexed	7
Data/Ui/spk/BuyDialogSlayer.spk	pixels	indexed	13
Data/Ui/spk/CTF.spk	pixels	indexed	4
Data/Ui/spk/CharCreate.spk	pixels	indexed	45
Data/Ui/spk/CharManager.spk	pixels	indexed	9
Data/Ui/spk/ChattingOusters.spk	pixels	indexed	55
Data/Ui/spk/ChattingOusters_1024.spk	pixels	indexed	55
Data/Ui/spk/ChattingSlayer.spk	pixels	indexed	55
Data/Ui/spk/ChattingSlayer_1024.spk	pixels	indexed	55
Data/Ui/spk/ChattingVampire.spk	pixels	indexed	55
Data/Ui/spk/ChattingVampire_1024.spk	pixels	indexed	55
Data/Ui/spk/Common.spk	pixels	indexed	7
Data/Ui/spk/Common_1024.spk	pixels	indexed	7
Data/Ui/spk/EffectStatusOusters.spk	pixels	indexed	19
Data/Ui/spk/EffectStatusSlayer.spk	pixels	indexed	19
Data/Ui/spk/EffectStatusVampire.spk	pixels	indexed	19
Data/Ui/spk/Elevator.spk	pixels	indexed	7
Data/Ui/spk/ExchangeOusters.spk	pixels	indexed	2
Data/Ui/spk/ExchangeSlayer.spk	pixels	indexed	2
Data/Ui/spk/Face.spk	pixels	indexed	9
Data/Ui/spk/FaceMake.spk	pixels	indexed	9
Data/Ui/spk/FaceParty.spk	pixels	indexed	9
Data/Ui/spk/FileDialog.spk	pixels	indexed	6
Data/Ui/spk/GameMenuOusters.spk	pixels	indexed	4
Data/Ui/spk/GameMenuSlayer.spk	pixels	indexed	4
Data/Ui/spk/GameMenuVampire.spk	pixels	indexed	4
Data/Ui/spk/GearOustersAdvancement.spk	pixels	indexed	3
Data/Ui/spk/GearSlayerAdvancement.spk	pixels	indexed	3
Data/Ui/spk/GearSlotOusters.spk	pixels	indexed	16
Data/Ui/spk/GearSlotSlayer.spk	pixels	indexed	14
Data/Ui/spk/GearSlotVampire.spk	pixels	indexed	10
Data/Ui/spk/GearVampireAdvancement.spk	pixels	indexed	3
Data/Ui/spk/HPBarOusters.spk	pixels	indexed	48
Data/Ui/spk/HPBarSlayer.spk	pixels	indexed	24
Data/Ui/spk/HPBarVampire.spk	pixels	indexed	32
Data/Ui/spk/HolylandMinimap.spk	pixels	indexed	5
Data/Ui/spk/InfoOusters.spk	pixels	indexed	114
Data/Ui/spk/InfoSlayer.spk	pixels	indexed	112
Data/Ui/spk/InfoVampire.spk	pixels	indexed	105
Data/Ui/spk/InventoryOusters.spk	pixels	indexed	9
Data/Ui/spk/InventoryOustersSub.spk	pixels	indexed	8
Data/Ui/spk/InventorySlayer.spk	pixels	indexed	10
Data/Ui/spk/InventorySlayerSub.spk	pixels	indexed	8
Data/Ui/spk/InventoryVampire.spk	pixels	indexed	9
Data/Ui/spk/InventoryVampireSub.spk	pixels	indexed	8
Data/Ui/spk/LevelUp.spk	pixels	indexed	13
Data/Ui/spk/Login.spk	pixels	indexed	1
Data/Ui/spk/LoginMenu.spk	pixels	indexed	6
Data/Ui/spk/Login_1024.spk	pixels	indexed	1
Data/Ui/spk/LotteryCard.spk	pixels	indexed	32
Data/Ui/spk/MailBox.spk	pixels	indexed	26
Data/Ui/spk/MainOusters.spk	pixels	indexed	9
Data/Ui/spk/MainSlayer.spk	pixels	indexed	10
Data/Ui/spk/MainVampire.spk	pixels	indexed	7
Data/Ui/spk/MineProgress.spk	pixels	indexed	4
Data/Ui/spk/MinimapOusters.spk	pixels	indexed	6
Data/Ui/spk/MinimapSlayer.spk	pixels	indexed	6
Data/Ui/spk/MinimapVampire.spk	pixels	indexed	6
Data/Ui/spk/MixingForge.spk	pixels	indexed	7
Data/Ui/spk/MousePointer.spk	pixels	indexed	15
Data/Ui/spk/NamingOusters.spk	pixels	indexed	4
Data/Ui/spk/NamingSlayer.spk	pixels	indexed	4
Data/Ui/spk/NamingVampire.spk	pixels	indexed	4
Data/Ui/spk/Option.spk	pixels	indexed	24
Data/Ui/spk/OptionOusters.spk	pixels	indexed	6
Data/Ui/spk/OptionSlayer.spk	pixels	indexed	6
Data/Ui/spk/OptionTitle.spk	pixels	indexed	21
Data/Ui/spk/OptionTitle_1024.spk	pixels	indexed	22
Data/Ui/spk/OptionVampire.spk	pixels	indexed	6
Data/Ui/spk/OustersPersnalShop.spk	pixels	indexed	10
Data/Ui/spk/PartyCursor.spk	pixels	indexed	80
Data/Ui/spk/PartyOusters.spk	pixels	indexed	21
Data/Ui/spk/PartySlayer.spk	pixels	indexed	21
Data/Ui/spk/PartyVampire.spk	pixels	indexed	21
Data/Ui/spk/PetButtonOusters.spk	pixels	indexed	14
Data/Ui/spk/PetButtonSlayer.spk	pixels	indexed	14
Data/Ui/spk/PetButtonVampire.spk	pixels	indexed	14
Data/Ui/spk/PetCentauro.spk	pixels	indexed	14
Data/Ui/spk/PetFace.spk	pixels	indexed	50
Data/Ui/spk/PetPixie.spk	pixels	indexed	14
Data/Ui/spk/PetStirge.spk	pixels	indexed	14
Data/Ui/spk/PetWolfDog.spk	pixels	indexed	14
Data/Ui/spk/Petgargoyle.spk	pixels	indexed	11
Data/Ui/spk/Petlupeng.spk	pixels	indexed	14
Data/Ui/spk/Petmilitarybear.spk	pixels	indexed	11
Data/Ui/spk/PortalEtcOusters.spk	pixels	indexed	7
Data/Ui/spk/PortalEtcSlayer.spk	pixels	indexed	23
Data/Ui/spk/PortalMapSlayer.spk	pixels	indexed	6
Data/Ui/spk/Powerjjang_Item.spk	pixels	indexed	7
Data/Ui/spk/Powerjjang_Ousters.spk	pixels	indexed	4
Data/Ui/spk/Powerjjang_Slayer.spk	pixels	indexed	4
Data/Ui/spk/Powerjjang_Vampire.spk	pixels	indexed	4
Data/Ui/spk/ProgressEvent.spk	pixels	indexed	12
Data/Ui/spk/ProgressEvent_1024.spk	pixels	indexed	12
Data/Ui/spk/QuestManager_Ousters.spk	pixels	indexed	18
Data/Ui/spk/QuestManager_Slayer.spk	pixels	indexed	18
Data/Ui/spk/QuestManager_Vampire.spk	pixels	indexed	18
Data/Ui/spk/QuestModify.spk	pixels	indexed	2
Data/Ui/spk/Question.spk	pixels	indexed	4
Data/Ui/spk/QuickitemOusters.spk	pixels	indexed	18
Data/Ui/spk/QuickitemSlayer.spk	pixels	indexed	18
Data/Ui/spk/ScrollBar.spk	pixels	indexed	8
Data/Ui/spk/ScrollBar_1024.spk	pixels	indexed	8
Data/Ui/spk/ServerSelect.spk	pixels	indexed	11
Data/Ui/spk/Shop&StorageOusters.spk	pixels	indexed	28
Data/Ui/spk/Shop&StorageSlayer.spk	pixels	indexed	28
Data/Ui/spk/Shop&StorageVampire.spk	pixels	indexed	28
Data/Ui/spk/SkillEtcOusters.spk	pixels	indexed	3
Data/Ui/spk/SkillEtcSlayer.spk	pixels	indexed	3
Data/Ui/spk/SkillEtcVampire.spk	pixels	indexed	3
Data/Ui/spk/SlayerPersnalShop.spk	pixels	indexed	10
Data/Ui/spk/SysButtonOusters.spk	pixels	indexed	90
Data/Ui/spk/SysButtonSlayer.spk	pixels	indexed	90
Data/Ui/spk/SysButtonVampire.spk	pixels	indexed	90
Data/Ui/spk/TeamMemberSlayer.spk	pixels	indexed	3
Data/Ui/spk/TeamMemberVampire.spk	pixels	indexed	3
Data/Ui/spk/TeamOusters.spk	pixels	indexed	71
Data/Ui/spk/TeamSlayer.spk	pixels	indexed	71
Data/Ui/spk/TeamVampire.spk	pixels	indexed	71
Data/Ui/spk/Title.spk	pixels	indexed	1
Data/Ui/spk/TitleAni.spk	pixels	indexed	10
Data/Ui/spk/TitleBack.spk	pixels	indexed	4
Data/Ui/spk/TitleMenuDefault.spk	pixels	indexed	8
Data/Ui/spk/TitleMenuSelect.spk	pixels	indexed	4
Data/Ui/spk/Title_1024.spk	pixels	indexed	4
Data/Ui/spk/Trace.spk	pixels	indexed	7
Data/Ui/spk/TutorialBook.spk	pixels	indexed	4
Data/Ui/spk/TutorialBookcase.spk	pixels	indexed	259
Data/Ui/spk/TutorialComputer.spk	pixels	indexed	8
Data/Ui/spk/UseGrade.spk	pixels	indexed	2
Data/Ui/spk/VampirePersnalShop.spk	pixels	indexed	10
Data/Ui/spk/WorldMap.spk	pixels	indexed	33
Data/Ui/spk/XMasCard.spk	pixels	indexed	7
Data/Ui/spk/sms_ousters_list.spk	pixels	indexed	16
Data/Ui/spk/sms_ousters_main.spk	pixels	indexed	14
Data/Ui/spk/sms_ousters_record.spk	pixels	indexed	9
Data/Ui/spk/sms_slayer_list.spk	pixels	indexed	16
Data/Ui/spk/sms_slayer_main.spk	pixels	indexed	14
Data/Ui/spk/sms_slayer_record.spk	pixels	indexed	9
Data/Ui/spk/sms_vampire_list.spk	pixels	indexed	16
Data/Ui/spk/sms_vampire_main.spk	pixels	indexed	14
Data/Ui/spk/sms_vampire_record.spk	pixels	indexed	9
data/ui/spk/lotterynotice.spk	pixels	indexed	1
Data/Ui/spk/item.ispk	index	indexed	1767
Data/Ui/spk/SkillIcon.spk	pixels	indexed	647
Data/Ui/spk/SkillMini.spk	pixels	indexed	559
Data/Image/GradeMarkSlayer.spk	pixels	indexed	100
Data/Image/GradeMarkVampire.spk	pixels	indexed	100
Data/Image/GradeMarkOusters.spk	pixels	indexed	100
Data/Image/LevelMarkPet.spk	pixels	indexed	102
Data/Image/GuildMark.spk	pixels	indexed	4758
Data/Image/AdvancementQuestEnding.spk	pixels	eager	7
Data/Image/Etc.spk	pixels	eager	47
Data/Image/Weather.spk	pixels	eager	24
Data/Image/OustersFin.spk	pixels	eager	11
Data/Image/Effect.ppk	colors	indexed	1957
Data/Image/EffectScreen.ppk	colors	eager	606
Data/Image/Light2D.ftp	filter	filter-pack	12
Data/Image/UI.spk	pixels	file-index-table	6
